{
  "project_info": {
    "project_number": "635143696627",
    "firebase_url": "https://fir-demo-60021.firebaseio.com",
    "project_id": "fir-demo-60021",
    "storage_bucket": "fir-demo-60021.appspot.com"
  },
  "client": [
    {
      "client_info": {
        "mobilesdk_app_id": "1:635143696627:android:0f9c000b46e4f4a4",
        "android_client_info": {
          "package_name": "com.example.lokeshkumar.splash"
        }
      },
      "oauth_client": [
        {
          "client_id": "635143696627-sei7f7ob7gafrciift3i9jie063vl6mm.apps.googleusercontent.com",
          "client_type": 1,
          "android_info": {
            "package_name": "com.example.lokeshkumar.splash",
            "certificate_hash": "2a18126e71fde064f6b7f4dc897f407a4b70645f"
          }
        },
        {
          "client_id": "635143696627-ds0ovblogk8s5ugi6iqp9lf6seoeus19.apps.googleusercontent.com",
          "client_type": 3
        }
      ],
      "api_key": [
        {
          "current_key": "AIzaSyCfkofd5IdN0L89aCuqQ38vgy8mCvNRGyg"
        }
      ],
      "services": {
        "analytics_service": {
          "status": 1
        },
        "appinvite_service": {
          "status": 2,
          "other_platform_oauth_client": [
            {
              "client_id": "635143696627-ds0ovblogk8s5ugi6iqp9lf6seoeus19.apps.googleusercontent.com",
              "client_type": 3
            }
          ]
        },
        "ads_service": {
          "status": 2
        }
      }
    }
  ],
  "configuration_version": "1"
}